{"data":{"x":[-5.0,-3.888888888888889,-2.7777777777777777,-1.6666666666666665,-0.5555555555555554,0.5555555555555558,1.666666666666667,2.777777777777778,3.8888888888888893,5.0],"y":[0.0066928509242848554,0.02005753653785041,0.0585369028743679,0.15886910488091516,0.3645764407416393,0.6354235592583608,0.8411308951190849,0.941463097125632,0.9799424634621495,0.9933071490757153]},"spline":{"dy":[0.008497003309989969,0.008518671574411555,0.008583676367676313,0.008692017689784242,0.008843695540735344,0.009038709920529617,0.009277060829167062,0.009558748266647678,0.009883772232971468,0.010252132728138429,0.010663829752148562,0.011118863305001865,0.011617233386698341,0.01215893999723799,0.01274398313662081,0.013372362804846803,0.014044079001915965,0.014759131727828301,0.01551752098258381,0.016319246766182488,0.01716430907862434,0.018052707919909365,0.018984443290037557,0.019966380131760112,0.021008923123934292,0.022112179531290587,0.023276149353829,0.02450083259154952,0.025786229244452168,0.027132339312536922,0.02853916279580379,0.030006699694252778,0.03153495000788387,0.03312391373669709,0.03477359088069242,0.036483981439869875,0.03825508541422943,0.0400869028037711,0.04197943360849489,0.043932677828400796,0.04594663546348881,0.04802130651375895,0.050156690979211195,0.05235278885984555,0.05460960015566204,0.056944932969582654,0.059398401244842046,0.06197145870412774,0.06466410534743974,0.06747634117477805,0.07040816618614265,0.07345958038153357,0.07663058376095079,0.07992117632439431,0.08333135807186413,0.08686112900336027,0.0905104891188827,0.09427943841843145,0.09816797690200647,0.10217610456960784,0.10630382142123547,0.11055112745688944,0.11491802267656968,0.11940450708027626,0.12401058066800913,0.1287362434397683,0.13358149539555378,0.13850679255576903,0.14338361698672536,0.1482020826935236,0.15296218967616376,0.1576639379346459,0.16230732746896992,0.16689235827913593,0.17141903036514383,0.1758873437269937,0.18029729836468542,0.18464889427821915,0.18894213146759478,0.19317700993281234,0.19735352967387185,0.20147169069077328,0.20553149298351664,0.20953293655210195,0.2134760213965292,0.21736074751679835,0.22118711491290946,0.22495512358486244,0.2286647735326574,0.23227405826190717,0.23557966633977764,0.23855471360986105,0.2411992000721574,0.24351312572666672,0.24549649057338904,0.2471492946123242,0.2484715378434724,0.24946322026683354,0.2501243418824076,0.2504549026901947,0.2504549026901947,0.2501243418824077,0.24946322026683357,0.24847153784347245,0.24714929461232427,0.24549649057338907,0.24351312572666678,0.24119920007215748,0.23855471360986114,0.23557966633977773,0.23227405826190728,0.2286647735326575,0.22495512358486253,0.22118711491290952,0.2173607475167984,0.21347602139652924,0.209532936552102,0.20553149298351675,0.20147169069077336,0.19735352967387193,0.1931770099328124,0.18894213146759484,0.1846488942782192,0.1802972983646855,0.17588734372699372,0.1714190303651439,0.16689235827913596,0.16230732746896998,0.15766393793464592,0.15296218967616382,0.1482020826935236,0.14338361698672536,0.13850679255576903,0.13358149539555375,0.12873624343976828,0.1240105806680091,0.11940450708027622,0.11491802267656966,0.1105511274568894,0.10630382142123544,0.10217610456960777,0.09816797690200642,0.09427943841843138,0.09051048911888264,0.08686112900336021,0.08333135807186408,0.07992117632439424,0.07663058376095074,0.07345958038153352,0.07040816618614261,0.06747634117477799,0.06466410534743969,0.061971458704127694,0.059398401244842004,0.05694493296958261,0.05460960015566202,0.052352788859845546,0.05015669097921118,0.04802130651375894,0.045946635463488816,0.0439326778284008,0.041979433608494904,0.04008690280377111,0.03825508541422945,0.036483981439869896,0.034773590880692457,0.03312391373669713,0.03153495000788392,0.030006699694252827,0.028539162795803846,0.02713233931253698,0.02578622924445223,0.0245008325915496,0.023276149353829073,0.022112179531290667,0.021008923123934375,0.019966380131760206,0.0189844432900377,0.01805270791990951,0.01716430907862449,0.01631924676618264,0.015517520982583964,0.01475913172782846,0.01404407900191613,0.01337236280484697,0.012743983136620982,0.012158939997238164,0.011617233386698522,0.011118863305002048,0.010663829752148744,0.010252132728138613,0.009883772232971655,0.009558748266647866,0.009277060829167249,0.009038709920529808,0.008843695540735533,0.00869201768978443,0.0085836763676765,0.00851867157441174,0.008497003309990155],