{"data":{"OCV":[3.4397,3.5299,3.6063,3.6418,3.6832,3.7546,3.857,3.926,3.9978,4.0718,4.1798],"SOC":[0.0,11.11111111111111,22.22222222222222,33.33333333333333,44.44444444444444,55.55555555555556,66.66666666666667,77.77777777777779,88.8888888888889,100.0]}}